,ABBV,ACN,AEP,AIZ,ALLE,AMAT,AMP,AMZN,AVB,AVY,AXP,BDX,BF-B,BMY,BR,CARR,CDW,CE,CHTR,CNC,CNP,COP,CTAS,CZR,DG,DPZ,DRE,DXC,FB,FTV,GOOG,GPC,HIG,HST,JPM,KR,OGN,PG,PPL,PRU,PYPL,RE,ROL,ROST,UNH,URI,V,VRSK,WRK,XOM,IVV,IWM,EWU,EWG,EWL,EWQ,IEUS,EWJ,EWT,MCHI,INDA,EWY,EWA,EWH,EWZ,EWC,IEMG,LQD,HYG,SHY,IEF,TLT,SEGA.L,IEAA.L,HIGH.L,JPEA.L,IAU,SLV,GSG,REET,ICLN,IXN,IGF,IUVL.L,IUMO.L,SPMV.L,IEVL.L,IEFM.L,MVEU.L,XLK,XLF,XLV,XLE,XLY,XLI,XLC,XLU,XLP,XLB,VXX
0,0.0013629738990914575,0.0099907301009452,-0.009492487999025911,0.017600511714376488,0.01854404530631104,0.03083893642905977,0.005263651363664579,0.013238875978820452,-0.006675124237603747,-0.0019445043882129198,0.0011961293566526976,-0.01780490223424902,0.005911338148440137,-0.014744623744360474,0.008393741558449186,-0.002933155067329718,0.002649958218258419,0.0009333281542200922,0.012975195364855807,0.005042997618129874,-0.006605539804541483,0.003620076672483208,0.01778508784238486,0.051182452178558435,0.02999573106454978,0.048109816995968835,-0.010465860218720202,-0.007229779059453989,0.018108548640987543,0.0027831488399687743,0.002149953790599568,0.03314050788174949,0.018013383745106637,-0.0023502310730827425,-0.0008964927219032859,0.016906638050012024,-0.016932952602411344,-0.008150156702861011,-0.0033772535521188196,-0.005194813987444924,-0.008412411240140472,0.0002815734679071369,0.018349136453696513,0.02912225312230632,0.0023823445015986877,0.04930757383162199,-0.02001139211388292,0.006557110646223663,0.024981620411870686,0.008554173995047876,0.003493997944452154,0.022785253708459408,-0.008642608195935875,-0.01379766414999084,-0.019245013434378233,-0.012698570842025081,-0.024987670977583143,-0.004329661738498025,0.004937514861144798,-0.014429804639800814,-0.029602342554321925,-0.019239154804092884,-0.008138855459474126,-0.0012318082458677715,-0.013797958945283018,-0.006135794898727731,-0.014488134176758649,-0.003107958259085386,-0.0010539724238478598,0.0005872004452047719,-0.0008861970979285871,-0.00824954291894553,0.0019247802883786136,-0.0021693681929977338,0.0015552995511358692,0.003833396514046683,0.004867530660099373,-0.012137642909939128,-0.005399601895919481,-0.004222347285121497,0.0038179267553366536,0.0,-0.010656537750326045,0.007443189720968579,0.02086093158396185,0.002832149419317531,0.014246828482560092,-0.0012669141675885065,0.005212075706299668,0.005170327774575156,0.0028754589745938475,-0.0033268217114157395,0.006702836617310304,0.011955726012532253,0.005714882469485261,0.007311873299727267,-0.009633646960144127,-0.0032966338686692964,0.0005947234241796551,0.022166233623983622
1,0.007012226100093777,-0.012018803981835191,-0.001796986787069521,-0.0032808136431636825,-0.023503540315545912,-0.04628406376913663,-0.008106910954368551,-0.03204151179047354,0.0046068711735447465,-0.02368499852738548,0.0854634264902705,-0.007180609783566716,0.002565817964782724,-0.0023986823085726527,-0.038142292071279726,-0.009486753303465711,-0.023498282247217617,-0.005988083734310479,-0.023829275998711097,-0.015074957621513896,0.004408561073166339,0.04809019264782499,-0.013263164176914088,0.01735771907280359,-0.021326585193692793,-0.04455140828376525,-0.0014037204740233733,-0.029453238707787044,-0.028119967850972927,-0.029330950398016142,-0.028289657943765256,-0.024903717808084203,-0.00283775132168973,0.0023502310730827425,0.010841343005396631,-0.05691189302078037,0.008502285429315304,-0.010971371650600581,-0.0006767699170646679,0.013252431932962772,-0.02478512039727665,0.004144801177893953,-0.020266665517294058,-0.0168329889022667,-0.011815900029598758,-0.012214362740807339,0.0007428198643779638,-0.03490137053891562,-0.0199805323082618,0.028975752741212446,-0.011572379867469174,-0.013437784813115528,0.005373156365326537,-0.008243554266961883,-0.009246973771834366,-0.009362173148459885,-0.0039367029157126865,-0.003570534326103214,-0.009588733351206358,-0.0043217427188233515,0.010261140667553903,-0.014745663927753228,-0.0025839577362738453,-0.004529577892398162,0.029384390133815774,0.005337636547785074,-0.0023785160414320217,-0.0028054928875613783,-0.0029334137136416416,-0.00046971484657643003,-0.0013308037777939319,-0.0016158764819813598,-0.0018862107252859417,9.445351244186106e-05,0.0019178880061461179,0.0036455050552945956,0.003421809658304742,-0.004078870391506673,0.010770204605188738,-0.002117945495290652,-0.03039753999483219,-0.021112623484573767,-0.0012863972481271801,0.020120354240705574,0.02610036853689124,0.012646242059771495,0.02033049436045342,0.0010770185863409054,0.009032796277185007,-0.02341393435288719,0.004167753936143548,-0.00645278485682077,0.03807604112704954,-0.017067974163846422,-0.009873698027242028,-0.020693715895937714,-0.015818197920847155,-0.011156927095386848,-0.009078959927276031,0.005884897068735739
2,0.008529151087713238,-0.015221993435321934,-0.0014623688161918835,0.011601713369781663,-0.0024059489425134473,0.019287906778002295,0.0008705878887669272,-0.007986178727374948,-0.004149383546812047,-0.0020973963771222515,0.01268568321245489,-0.016446030426314984,0.0024089693450344285,-0.003528430359324375,-0.02020132043327738,-0.01150419443789863,0.009027414954745794,-0.0012520156319153486,-0.015270163139380344,-0.013578831208316267,0.0007328160988628873,-0.0005741867561264158,0.00020978983833686016,-0.02542068814217835,-0.035039041211446964,-0.029441870716873098,-0.008641296680005794,-0.00408444539121966,-0.01856198095248196,-0.0035839764525187334,0.019568937752612037,0.0028062903908327996,-0.0021334748983345975,0.0005865838530438872,0.009441397380991923,-0.01564978821753149,0.0006510566053772315,-0.008750721241875148,-0.008499115999057949,0.007903734805592144,-0.0077416545609754195,-0.01245055732590128,-0.05119226081835526,-0.019334860012930832,0.003474380142300504,-0.002077331722928122,0.018977180502070645,-0.015064936656616013,-0.01623076210875274,-0.01019461738783356,-0.0023168826157284883,-0.014538870289110939,-0.003280176218335207,0.006979702092112294,-0.002273366591044823,0.0034876244458272865,0.002363844948513716,-0.013938103399242507,-0.007330570262490177,-0.018782933075943475,-0.012056428791493268,-0.012995366605952796,-0.0090969217965724,-0.013713072959612216,0.01177640740778596,-0.006408509486040881,-0.011806150392115633,-0.006812623820230179,-0.0034135860620709835,-0.0017633758557531465,-0.007127641249811134,-0.01216767426477361,-0.0021214170946537436,-0.0017008081900653504,-0.003107047846012456,-0.0015607086372499968,-0.01635851301009783,-0.01371768863085343,0.008002156301652352,-0.012086893068774085,0.003361317891177773,0.0026635496482105836,-0.004731217872824267,-0.01327757398790963,-0.015486538328851829,-0.004835195228567457,0.01218719683971603,-0.014413503848605735,0.006628405665634052,0.005855854025059948,0.0025960158123750077,-0.0052395488653020905,-0.00168570440624638,-0.004858553132756072,-0.008770210211327623,-0.014702002031397932,-0.00822931343176947,-0.007642320130104352,-0.010495334191580774,0.019095602299315395
3,0.012879567475192921,0.010463633209107037,0.006396247852833881,-0.014355173122703846,0.0009962868887347653,-0.04087430096360034,0.01633225651039716,0.005493550479586773,-0.013774236491395975,0.005617371764603085,-0.019700040444290856,-0.010691465342313577,-0.006184553590393271,0.02569529000649684,0.007889802194093853,-0.012505510684571952,-0.004173361518668983,0.002689988957721212,0.010806318502103451,0.012268478506207714,0.0025608794707019378,0.02942727149034763,-0.009459502559016286,-0.06795061998354157,0.0030727477869527675,0.013782269475230535,-0.02075951187792402,-0.011318931571635105,3.397344271416358e-05,-0.014028628142658484,-0.0009212408741836597,-0.01634122652525516,-0.005139206095818416,-0.02735004558240739,-0.017802200168946847,0.022723197085031455,-0.0009766818014820267,0.006177597748066255,0.0020463671743939926,-0.010522136488752665,0.007172615700278051,-0.013650407564900213,-0.02488628341754273,0.0011601605216187139,0.00689113610787917,0.03837547205368441,0.0013591516424744654,0.002871929583537103,0.010773771162027934,0.012727140401402437,-0.00522684855049782,-0.022969328402159483,0.009216695872297898,-0.0066613755290556576,-0.0008280048991018418,0.0002677285252850048,-0.0020483305531771023,-0.014295058213022571,-0.021839783325106943,-0.020309449511134225,-0.005857239989527141,-0.02694196772265034,-0.022443196861604342,-0.0012559674671499543,0.014528125016097349,-0.007798907481739281,-0.01142473676319078,0.0022760353750959084,-0.004372179693803879,-0.0008239621025127875,0.004193637495524705,0.01819643841443508,0.0007718916858463487,-0.0017037962119454964,-0.005690636842998531,-0.002432657791580528,-0.012227284183891296,-0.032759076225886474,0.005299449714451843,-0.010426088065311312,-0.015783799089854167,-0.011235090644695411,-0.0021579307854286967,-0.014285969973764523,-0.005754418036982845,-0.009226118907406544,-0.012320476086151277,-0.0379034387167656,-0.004943797861341803,-0.006912162087673757,-0.009115793556894847,0.0025840962370837772,0.010830808500394085,-0.024538684760951668,-0.008948824218241391,0.001138654102847525,0.008825185859513418,0.006706932982162961,0.0033898190386016935,0.006965817068525837
4,0.01423951149384095,0.028070108360265245,0.008132342847292584,0.015680095093116186,0.005791816163304375,0.017517608132685325,-0.018677828559195753,0.030610751577703432,0.02559597796458224,0.015813626433148542,0.029575767511716755,0.017912549094592833,0.01739962441053322,0.01630855461935088,0.026291360957622523,0.007780471641741116,0.015289999689953149,-0.0439976126479662,0.05114434807904633,0.01302610633895629,0.017744436544353093,-0.004919536189634144,0.02248696600735478,0.03585512966795079,-0.004930781153850816,0.02625961715219205,0.03360613918252664,0.022848396526853332,0.023711940949659116,0.015176924998522523,0.03177355007040106,0.003381775871795334,0.018856363681913457,0.011387628559595075,0.008906629582029701,-0.043441065574761684,0.024136327960656345,0.00857243366355398,0.011180869310011943,-0.0038043357761958774,0.03364433596105165,0.010059321776183516,0.03360234001138762,0.00944188612569885,0.00961564754738653,-0.006367946148558623,0.10074159940869087,0.026155165213976872,0.012687020339232191,0.002127607599019754,0.02415415757504391,0.0192885246019614,-0.001480800955911743,0.001907773752117592,0.008043755543950759,0.002673859610136109,0.0012610029363893105,0.0038320609193451816,0.00399202126953746,-0.0023380001824273577,0.011903623959629517,0.019884775260661236,0.004440521669227593,-0.016899494902612666,-0.0016038862813809729,0.007530933306632015,0.0062478616469885395,0.0010969161380458559,0.0028381979775042865,0.0003531969208339092,0.0023123644188833836,0.0003494151224172626,-0.0012740058208065008,-0.0034161446897194025,-0.0023960957135056304,0.0020855210085057863,-0.0032272468469609628,-0.014857756025860702,0.00527151352855304,0.0207446610363351,0.009049826732992816,0.03696957374611465,0.005171264800543085,0.014558663874367994,0.029119409725382184,0.019630979691100947,0.002130529549418725,0.001933030575384631,0.004850724430704112,0.04280176889061149,0.012997323183815634,0.02020578126601169,-0.004257363990758378,0.021567254531150937,0.006944769648056237,0.028190556196694416,0.011990337639484316,0.01169600299674034,0.005784583008510147,-0.06494689186804292
5,-0.0074961144904541754,0.030816678568701406,0.0029912421825653013,0.009619203613397964,0.012462277032413205,0.04235193737848597,0.020651468601043277,0.03812737054383053,0.0035685557413982494,0.029242418494027866,0.015467746893140344,-0.006236889823650671,0.0026730087903583666,-0.00030823223650244813,0.03236078658969621,0.02613554747278446,0.02419950120635228,0.016381693304109213,0.004848855443886357,0.0063214491229945935,0.017787732926022315,-0.0067476466179199335,0.013421988095778659,0.04252532843181189,0.020106750000550733,0.030460305676785815,0.010263639996905383,0.014061164980053054,0.03756728502184181,0.011836171421809816,0.017912033146752826,0.022007216311809685,0.00936619414016171,0.032828238192628145,0.013482169243844488,0.0027566966686185523,0.014520428103076188,-0.0003115940341968937,0.0,0.012446023213785296,0.05021025980207039,0.009394712101275182,0.02927363462600807,0.020463750383984625,0.013871523643990358,0.007368094165310701,-0.008058708158642958,0.014586112485240221,0.03842384164933543,0.008992394829709482,0.0179118356588015,0.030217464199903787,0.004435840744265729,0.016695892538279633,0.013264177975783387,0.011680478586552745,0.021968630780074605,0.020973753322721223,0.033534941215241254,0.04559235971363229,0.023826364663726896,0.025038036987434786,0.01189181416039764,0.010173880857134776,0.014975625335303278,0.02304429747611314,0.030331215539155743,0.00046978148678356035,0.0002361157572741135,0.0,0.0,-0.005183574804227931,-0.003444265910075295,0.0011399516931718257,0.0051536792658761765,0.0006941531040187687,0.00556785149482808,0.004336318827016239,0.005243870331479883,0.01371086318883652,0.054245001964905004,0.028622060867553145,0.015143787237985151,0.010579325763178105,0.018879012596348055,0.004848139515052807,0.01071649478918113,0.017492732358926677,0.006492969371941548,0.024816107407938937,0.008742666672233224,0.0057315507825750345,0.0044089911881535215,0.03774027721223838,0.010377272753733457,0.022426749465145335,0.018803861735278815,0.003824612807283856,0.01467188889376736,-0.06945987427545619
6,0.000803246679405234,-0.0004525407277551352,-0.02293810278245978,-0.00829603473875462,-0.022495105179554997,0.0031071085728990866,0.012377514765653963,0.010772611139016064,0.0010231017420476718,0.004710925040065206,0.020476199523546512,-0.003587144082874083,0.0008893798304603351,0.004612601159937668,-0.03769442793698374,-0.01330117934170838,0.0018496020469083163,0.012255199643769643,0.005965230579068503,-0.010471366998365816,-0.00992214674490155,0.03241844846274322,-0.010810894076445088,0.059403260358153354,0.0030651336434290855,0.007996086132343372,-0.009913981633834723,0.023329495125705257,0.01815755496014404,0.001275006747180285,0.015937385164210838,0.007850237117295045,0.0034724667222914007,0.001728648415959988,0.017014507487831843,0.0123120777344643,0.03328510061020529,-0.004434820658475225,-0.005405413342211229,0.018647303720302766,0.022201409664862837,0.003979386151705455,0.005817737872025219,0.008049367541262953,-0.008841911019822568,0.030427076377831597,0.027000974955283752,0.002240909660595314,0.0034602077821022093,0.06214133250758014,0.006882487234682877,0.01047955752278007,0.01144209051062628,0.008399504039596106,0.013890482236958324,0.01389090075951982,0.011491737696285753,0.000312008787346052,0.003845271251109672,0.006210756549406504,0.00043592978304829444,0.008117317132678714,0.013049303920518174,0.005467987133887409,0.016933581243570917,0.012749013196865722,0.005690330632798002,-0.00023483329124207586,0.00035420420174769873,-0.0003531969208339092,-0.0023123644188833836,-0.004716478895669063,-0.0020566909813517498,-0.0011399516931718257,0.000367080594853908,0.007087918030310059,0.0014600451078203847,0.006708280919084597,0.007295466737557099,-0.004198709184571658,-0.0016013180467560062,0.003018622147123118,0.0056991530103363,0.003501613097530498,0.007234450450035457,0.016075028842030825,0.002037673645696181,-0.00013087200371630914,0.005440023815880046,0.0025897052835368584,0.01373011912110611,0.0026635692226051333,0.03502852443446258,0.00603748458424036,0.013703565584888722,0.008617252981597545,-0.013374209477531984,-0.0009218370779660034,0.01527647892910089,-0.07615798592699807
7,0.011755415437268546,0.016973538466201532,0.01716923526394254,0.011438498773715722,0.0014988786630585338,0.01539203479971274,0.016449439392583365,-0.0038501989081218824,0.028826285504359284,-0.027956339267288577,0.003372374048041138,0.0134931156315643,0.01310093694193526,-0.006000469933816532,0.006306305756976549,0.00972933005423915,0.027085052589875147,0.007709853523796717,0.005596692617400478,0.024010947269134775,0.008510681608948634,0.0072925293954417825,0.01060658088473776,-0.04169906693702785,-0.011688128490911609,-0.013974531819340719,0.02843306089736153,-0.003253105637649689,0.01246122043781206,0.013919458385732497,0.07108597102889203,0.007123855436473647,0.013770528289942519,-0.010998694248576246,-0.008037450487475617,-0.0006800996329197062,0.010253411138244406,0.017745706773308,0.006415643419883654,0.009892012878616185,-0.28223613955164417,0.0197660775347277,0.013762367940088005,-0.012355281155485898,0.02398367436951343,-0.011550982495760032,0.013083249455431378,0.01784857917374172,-0.00998053593753978,-0.0026014146416439843,0.00956085607144086,-0.009982807329884658,0.009002569240604608,0.0024753054659223395,0.00019986649960479497,0.004155945257307003,0.00970291721757377,0.015172970364319305,0.0038305417609203474,-0.008609761492005319,0.005866403787789132,0.00709992921249647,0.006031956969260399,0.000838593652656705,-0.0068642800585991814,0.004127968876901367,-0.0010017960297705741,7.824407400658373e-05,0.0015330771370747343,0.00023553835489842356,0.0020458389034194724,0.0033812072973589125,0.0006213493482594146,-0.008400230280670717,-0.00662859635145252,-0.006220821046436509,0.003204681778546714,-0.0004776799078838323,0.0031103947347523864,0.010810897407257158,-0.004282657856401695,0.007340683993786179,0.0071309061400426366,0.005630874208760517,-0.003501094416938688,-0.002723200194055586,-0.008241895416655876,-0.005907477279521789,-0.018843076363107336,0.008095765158540047,0.006795054875176287,0.013362250824912714,0.0032173357606568587,-0.0059833645792206624,0.00692786209090368,0.01977904143407372,0.014672951853153648,0.01191810372019475,0.003143702284504002,-0.021396642755842077
8,0.015106789383805719,-0.0394934126287918,0.0034431664884007063,-0.007808710619331194,-0.03445259854952276,-0.030658441653473645,-0.02902413293774586,-0.08134854074682529,-0.005659181914188238,-0.03844767802969784,-0.0006518760522595812,0.05277648812602376,-0.004984563061318781,-0.011329419565488053,-0.039054840242318534,-0.02709491920698026,-0.008411458382187043,0.006400555295742905,0.01686685114369979,0.03380426780732648,-0.006020917015161054,-0.014638630689674414,-0.016406754498283327,-0.014818929508674472,-0.006406891459350916,-0.018197936233597112,-0.0010199112454536419,0.12883643071272477,-0.30639058479708137,-0.08096232574757334,-0.03706127222419919,-0.01850807298245538,-0.012800398738313845,-0.005837750425977006,-0.00830439741427913,0.022644217098227504,-0.012377627069259045,0.009426483832378096,-0.001010230077672425,-0.012358311867736838,-0.06441283999047531,-0.01727387248267842,-0.023802982601087486,-0.030778128054325116,0.01856434574347876,-0.005502230316405843,-0.016618529425507234,-0.015968092187195637,0.005870229985412756,-0.01172817465090592,-0.023484884062746403,-0.019104537752522077,-0.010170027066224385,-0.009002106862451065,-0.021210758922599382,-0.011995004172633994,-0.017656410269467848,-0.021118806287133474,-0.01230978889256118,-0.006748129482603282,-0.013742196358486058,-0.020897056930874847,-0.011231229179105906,-0.004620911769654068,-0.007857968952129202,-0.017138821061070342,-0.010749169334403952,-0.008095927824731675,-0.00899629813135494,-0.0008244472840299721,-0.004274301789721768,-0.00783653723888822,-0.010497871946772541,-0.008278076245935129,-0.008907154126625905,-0.0059109906701591,-0.0005819161431390718,-0.010566919838217004,0.004132233417370568,-0.011512421729367173,-0.025537889906285915,-0.030376942992242917,-0.004608248772135504,-0.020257275252923534,-0.00880669959834579,-0.00815221428791979,-0.01118521790891025,0.011780261121626001,-0.013585137623503662,-0.029443970397217356,-0.011097178974094124,-0.004283682301081448,-0.009535780517333059,-0.03107922415154718,-0.016075620090256315,-0.06924645034532251,-0.004480712411346843,0.0002604044865064381,-0.017591635300322928,0.1146886822394313
9,-0.0005686391083976616,0.005627349793825509,-0.011373943634843009,0.008331495887098583,0.02668410687286915,-0.006909665658212383,0.012574693545162496,0.1269490204252115,-0.011698405224941588,-0.019977692441547568,0.009786840777556094,-0.006414127591471974,-0.013166835290698842,0.014257148148347554,0.009991067598755343,-0.008688184927953202,-0.0034780742696245426,-0.021241083829843355,-0.0025095419864138435,-0.011844667700983358,-0.009279161279223569,0.010944620247117065,-0.008527973762009644,0.031834651449081264,-0.014764914136413232,-0.012972765148780319,-0.01923134366188428,0.031578574133763304,-0.0028219379866545324,-0.025453745100973535,0.0025589498533369337,-0.022394013451540573,-0.02340525604315058,0.02200431408218817,0.0256271123460472,-0.007565682472938207,0.006056977079680337,-0.01602884211454736,-0.009138681203778365,0.042728607701902455,0.014218617564311309,0.0026259141032776157,-0.00882786671634106,-0.002333655352495967,-0.011523422309577924,-0.038137503166054465,-0.013697924467184208,0.004104480431406543,-0.01661245059064065,0.021479543463057915,0.005003067791907512,0.0042939425712065216,-0.002631969595718431,-0.002810311097389384,-0.0022483527522840774,0.0026199199847947163,-0.005698063291879052,0.007816203470366823,-0.00170439308660697,0.0059471805227806485,-0.0032999196468961323,0.010228117367653944,0.0039020275177885644,0.01338370863565208,-0.0003156139760900345,0.005485166823313126,0.0030349087703296362,-0.009993755099497292,-0.0039316407427794076,-0.00200514071600022,-0.007704065977923058,-0.014852125196549437,-0.00546803912080307,-0.003679689253791585,-0.006169972599367801,-0.0012213155667497588,0.000872691816749871,0.0038555147063559225,0.013821589873769025,-0.00810289937654618,0.009312588541293021,0.004786313056970748,-0.003364878959550399,0.007610767161636556,0.011870816547175256,0.0011241363680376537,0.005475060753200367,0.015878490802906597,0.002277020613631553,0.004018082778521226,0.01684934063145871,-0.003621519909724924,0.015504262663815105,0.02804688039168024,-0.010829139169453939,0.0025323636239766856,-0.007999394177594432,-0.012310297338852472,-0.01670277319568303,-0.036469711307814734
10,0.013278003761603152,-0.010239318304929412,0.0071516608863699815,-0.0021582155280484017,0.01009561024686434,0.004122181276466463,0.01229027098610569,0.0018759165368127384,-0.011918736676646446,-0.04229551261179587,0.010810278704482812,0.0015609269279748261,0.000446643034120342,0.018296051979535655,-0.013501530139217621,-0.0026212101090377082,-0.005161532230738786,-0.0090497610699396,0.003000842012624183,0.0027268388224088724,0.006789396685435989,0.011579585745687737,-0.005094020205755001,0.024064303803057463,-0.00878528685998603,-0.008505082053386737,-0.006435345741388154,0.035445451097163794,-0.05273946197328527,-0.007951992003648378,-0.028928742039229682,-0.012479335092800525,-0.004120691957026246,0.021530637729242574,0.0033374356631954427,-0.002236188104336456,0.012004992003114001,-0.007519012787041035,-0.0040885552806275705,0.007827996142023785,-0.037743362913483125,0.002688852012857623,0.0013127342819911902,-0.008639648202483308,0.001096318674338903,0.011113494082679587,-0.005400060183312405,-0.0036476114354062616,-0.001764792350646971,0.011965902350002722,-0.0035551778200435535,0.004927830729363869,0.005548229214309863,0.0,0.0,0.0013073406480503813,-0.007129588185464719,0.0006226792617471943,0.0043330115363193755,-0.006914883156261986,-0.009965773014513069,0.003294866562160159,0.008187877130470422,0.002489605740968681,0.011611582982716584,0.0044185122427435886,-0.0008421567109575534,0.0018317478896188177,-0.0007164743574259447,0.00023615007401822652,0.0002698054114302906,0.000647309335335855,-0.003477261278590049,0.00077583149713778,0.0037440061958582405,-0.0057778312535956555,0.00782047318880208,0.02282550482687995,-0.002035670743887774,-0.004609157901636962,-0.006015911568157062,-0.0073599016143086615,-0.00042141714373578054,0.002163863918253295,-0.002187672631939641,0.0006239851756069115,0.007958649834685527,0.01146067257101313,-0.0015174133677779977,-0.006663838197374261,0.0029881184344753287,-0.0017399536750541955,0.012691218099136314,-0.002062807451579829,0.0007988201107336224,-0.01757660950348594,-0.0014614368094258978,0.00184306781156085,-0.0049448771998577,-0.028007621250667025
11,0.006852185603213101,0.003221969526352453,0.004333092736609423,0.021375176187491185,0.010405595042235483,0.019063405233415764,0.010873323020693881,0.0217826920461075,-0.016004918709720428,0.01569150118577678,0.032107950774499905,0.026460065737126115,0.00415922733528884,-0.004542755353112327,0.006269666543701646,0.007409058581648864,0.01787286687594314,0.020295499270297945,-0.0026724255198375957,0.05864947777880136,0.003909747630363114,-0.017474809173096517,0.009640882506849913,0.019741927467599396,0.010809347270933856,0.01001056511219911,-0.003846179877220024,0.03913822790258292,-0.021254978088065535,0.026111929553866986,0.0019773438789441045,0.014787467148910771,0.035390765039810645,0.01832875090198005,0.01864004253255569,0.018410231583581016,0.006838128048222369,-0.0022480376307161265,0.008160526911326738,0.01712431871039488,-0.009517194344189406,0.012510291973559795,-0.0026272568217944325,0.0225609829871809,0.019875573777610178,0.023813305773875193,0.0034278160078207165,0.005870183642413096,0.03961123889244922,-0.02619267146427262,0.00791518603584418,0.01691074785155422,0.0043586157012915905,0.0037452895090535065,-0.0004093421730222424,0.004692404394997407,0.0006220014921902717,0.005741269846528674,0.010139832324703058,0.011072866416566463,0.0035547659427481726,0.0030108305435385674,0.01870805171286083,0.008665248971127415,0.0018703675475526538,0.005173238361730004,0.008556417275031869,-0.0037466760066413585,-0.0010756749606590787,-0.0010629344738140034,-0.0032417912267916904,-0.006708344991622539,-0.0037675768292775302,0.002903857756653805,0.004846150398591487,0.006824776344508843,0.002017573690301422,0.00842703020858826,-0.011270576216159789,-0.004273472750527585,0.0021918318652858204,0.012632494369889002,0.0069305752145063515,0.016613531943665105,0.02508781778487945,0.01202808953133605,0.015599770382317413,-0.013832829585574302,0.009634500267541313,0.01228705750915804,0.01382732051728608,0.008144125907736388,-0.02173053821669413,0.013976410244525894,0.009931554229685169,-0.00042907501057420916,0.0007309853793824317,0.003807039956597258,0.015357216068502488,-0.04610035090305509
12,-0.0021624476902308842,0.02986231420872265,-0.009132480459306258,0.06524324859696318,0.028029368876900662,0.03852745106093547,0.012104536494693008,-0.0013886979191237714,0.033769844557391515,0.024065290390870686,0.012295205780072926,0.0027089032022429294,0.007384467270075135,0.01879330679862079,0.013749115563182812,0.04083932366302845,-0.024954444085209637,0.014551230712195107,0.009200396478290074,0.0032630117200538322,0.0021261335214974864,0.017582340582837475,0.02069435906316386,0.05331289031861619,0.014783845878759472,0.013650618055402575,0.025081324254157877,-0.00490636555148205,0.05229201128874017,0.013782931421252087,0.015962389290089085,0.015102193652337448,0.0035669472448152106,0.015292525231290988,0.0041593990469079856,-0.007722012298143177,0.024584210041868282,-0.0022531026924932362,0.0,-0.00115453902963214,0.022040367962525842,-0.004314145057890961,0.030442782575437644,0.020114672953797985,0.009460393489503893,0.03285063031484281,0.01277231325628403,0.004380095698471642,0.005924744217217892,-0.015823538988126273,0.014644230096228839,0.01880997466664347,0.007797776495817033,0.016069581847883985,0.017652943941276256,0.017275102069025383,0.024870719003138753,0.013676731531773179,0.0126074707453121,0.02178461933582021,0.013000076211418854,0.017876961624245347,0.01588002711273928,0.009405080284022205,0.00341988852576236,0.0133267086908333,0.015252254783816532,0.0033487367849351912,0.00524804175894289,-0.00011810347825758072,0.0013519664675625265,0.0018799319740647746,0.004440264135875616,-0.0038737180797554505,-0.0022337327108050697,-0.0061227032835029505,0.004022976480866358,0.003722662326472559,0.011270576216159789,0.02048817391801494,0.03548758589711065,0.021480919529844655,0.014337958692747677,0.002653888853582753,0.0034115139422672414,-0.009909599573007633,0.0023385289318333946,-0.008185460813995515,-0.00310685370829189,0.021938257123354177,0.006355487958244144,0.007705861129170266,0.008313322963959813,0.013149334792943002,0.013643037942518532,0.027793298627105223,0.004374504551761582,0.0002619762046434104,0.021554357304188088,-0.041356374216218406
13,-0.0034275870575610767,-0.0376591494184737,-0.02251606012081009,-0.024246866910000442,-0.03652740907590779,-0.031202958622867705,-0.010266867427289661,-0.013654467538817272,-0.027510649882015237,-0.011129844618441354,-0.004541863927591372,-0.019302059120060555,-0.010056285811102406,-0.009427638045893971,-0.029668206035780464,-0.017450206429139303,-0.0353076160916288,-0.003618005395595425,-0.013477944961411303,-0.021164757552998736,-0.022553279226315226,-0.011251804120668396,-0.02566037538999133,-0.004384004269722297,-0.01809354411956221,-0.013992628099610549,-0.04525184850905806,-0.021455550104397147,-0.01708474017434458,-0.010889417809401891,-0.020357385416184037,-0.03630601540153933,-0.0008219970369633955,0.004866197680635231,-0.0041593990469079856,0.00044279547078573955,-0.00405560775445668,-0.015342712820202387,-0.02503135835735648,0.001566515654072731,-0.032404933325461016,0.007992351121967722,-0.01348768268338496,-0.00876337876425115,-0.02311186075388516,-0.02579441911106528,-0.023135584227755857,-0.022197712022455462,-0.015520740164928881,-0.009666854044018791,-0.017829374178035984,-0.01546182806435592,-0.004035733214368786,-0.011407521206903137,-0.014791061282161788,-0.015196690906878807,-0.013894353573583373,-0.01600023804956585,-0.004538631976819474,-0.008467996526047905,-0.013665606547445197,-0.011610777308952436,-0.009162963676683678,-0.0040783247185482985,0.006496514094188388,-0.009207242138124183,-0.007099845144972861,-0.013704875821346718,-0.01329282068723181,-0.005094499401416819,-0.00922996923240138,-0.016020127374601678,-0.006906729678860302,-0.00135934958840922,-0.0016786913052382335,-0.008458175404627344,-0.004022976480866358,-0.005122274687359152,-0.006644499966074857,-0.015149146567287719,-0.025683569504241444,-0.025219897715317074,-0.010577763972079879,-0.008784776624214174,-0.02543789502489524,-0.011392970332108732,0.001296878527813572,0.008121243826425317,-0.005578984366237272,-0.02649689191262361,-0.008810644488463026,-0.01577431407461738,-0.006265050224819824,-0.017391712980226792,-0.016513057328890746,-0.01443520847719526,-0.025642511344466712,-0.010799521959717673,-0.005843185981068366,0.08941362442281475
14,-0.004917207182434602,-0.039345789650487184,0.0029707761207902195,-0.0039446254442321305,-0.0151948127602477,-0.05349103272360978,-0.03839798708078046,-0.03657181337252702,-0.005511033220528816,-0.01755710443789571,-0.019106214910466157,-0.007233539831480229,-0.0013385342531515576,0.005547583293864733,-0.012574473451764767,-0.03562171548478599,-0.02551776135875894,-0.028202995942600673,-0.0029556910062567,-0.009912326039584585,-0.007997178894363355,0.017365404053925282,-0.016165584014408374,-0.03231204053853709,-0.007300214580538977,-0.016228370760688726,-0.01331436868071112,-0.025989438694668188,-0.03807262058418104,-0.007632459333859032,-0.032800626408031164,-0.005510065445819556,-0.019654586589439305,-0.026231091101359905,-0.01310244846373898,0.024060703682675655,0.0078069053446983006,-0.005614797541735328,-0.004872943574992572,-0.012601697657503408,-0.031840816825975615,0.011903854135835168,-0.006487235317556905,-0.024105161020393062,-0.01780633932417519,-0.0399996607458073,-0.003997490883054233,-0.009184784647476185,-0.004509813091087889,0.024867185541700643,-0.02020812989037779,-0.010177438380256199,-0.004632314363558709,-0.021310750338519924,-0.0069643899154683275,-0.030836497258503126,-0.019406026709856583,-0.008097276608304504,-0.01051750899019055,-0.020363394810011037,-0.019949181327319376,-0.010099688130825513,-0.01009259087533998,-0.00656008303448008,0.0027713690264645763,-0.002057562919425493,-0.01536176774609821,0.0073967067356450755,-0.003502126459255628,0.003083428768609231,0.010310296567622501,0.014719037986590244,-0.0009962740275790694,0.000582857593417696,-0.0022425881758525446,-0.0014166634028214276,0.019390408239296164,0.018960098485528487,0.021811683967384532,-0.009630909442051472,-0.02636074925345744,-0.02884729188720847,-0.0056456075559916385,-0.022169052200498918,-0.024310555774552434,-0.019581057410618996,-0.019499429308068805,-0.009934942887398712,-0.010485259304000127,-0.03102012416168165,-0.014110883683318143,-0.013952132841621001,0.02867019775477342,-0.029158557991903145,-0.015380318154250006,-0.02183460051368069,0.0005969395271909761,-0.003581573757337253,-0.015592091182998757,0.12740320635879732
15,0.006947191284515597,-0.00930860151003099,-0.016913493047180594,0.0003705409879515287,-0.004553135227690852,-0.004766454027063105,-0.010083522850783844,0.012147561915483607,-0.010525991318159456,-0.009363042058645021,0.0028113749242599795,-0.004008382297066682,-0.012279274727197809,-0.0010471943142720264,0.0015200806298603098,-0.01572740529725536,-0.014936131412583542,-0.009039960383527834,0.005294151773266975,-0.015847395633341144,-0.018045040403261492,-0.021289976813609002,-0.01348491350148695,-0.030432056691581444,-9.97122530339567e-05,-0.0018788439632571041,-0.012026381420294552,-0.0043525598207994065,-0.008462056685462294,-0.003223072026775853,0.008685019859161258,0.002916219739121928,-0.026630429119243182,-0.00722421378010063,-0.009333918871220703,-0.01261438729375186,-0.009840893928021899,0.0028752037747139525,-0.010875373446471048,-0.03445980862965481,-0.010200150773155059,-0.006155950385489994,0.0035731923967743384,0.0,-0.007831837437014322,0.0010859728162655458,0.002888671200731885,-0.0057184918779666916,-0.01452596097350245,-0.015453485602610506,-0.0032606564348265366,-0.003482131615180961,-0.010501864989667098,-0.010828136266093136,-0.009085390569303353,-0.010493823730386431,-0.01071720733868986,0.0,-0.010164936731182017,-0.0077444648285709405,-0.017586307888862063,-0.009094780408302583,0.002111009362712135,-0.006189399608502288,0.007658177923725695,-0.008532743110154062,-0.007261710607895822,-0.008931088711150004,-0.0016952058640598011,-0.002133717168139704,-0.006952279690024099,-0.012519278646698773,-0.0007578423838827675,-0.002041304005895528,0.0011219227380103725,0.0051259158287724205,0.004789471886082808,0.01002740022548565,0.006501606373691793,-0.007916533379964452,-0.007821234988725667,-0.0045670575577707595,-0.012024186838576867,0.011686408027465234,0.012450084432877428,0.011870716150024663,0.013780652513557534,0.02591900656873447,0.010295627791608641,-0.00032288156059845363,-0.01128257575465419,-0.010263637889269539,-0.023858613995570543,0.005690773705260277,-0.003730810976547261,0.00014429973953689057,-0.008540013007737102,-0.0027945867304923766,-0.008248238161576715,0.0030075080014762
16,0.012232530488935467,0.01000709677099465,-0.008623731942440038,0.022463208055465422,-0.01053450828599356,0.058758127405433846,0.024745217697557997,0.00862110330644228,0.007571569146003654,0.01523167702645889,0.028849332981792486,0.00833261020059961,0.0012045506929103666,0.014266836218949308,0.0190795170070448,0.021206871061880683,0.04181632796207779,0.026499242868612605,0.0024807342295298795,0.024927531249490542,-0.0007435114858238556,-0.020637522288002863,0.019379156416707843,0.03567268857856032,-0.007304448796653595,0.0029905982755522587,-0.010133651728747584,0.018368973989460358,0.015044747295430483,0.009790492197405243,0.008284146485351584,0.015230481533884621,0.019194424768470775,0.043117129732221926,0.014517983444710225,0.015635524446789617,0.02413910670480579,0.000510280836333088,-0.003533586037033132,0.01882003297307655,0.01167359129060852,0.025298224152582094,0.014805519528189315,0.020162457747323614,0.008040976468802974,0.03024815652762225,0.01094551913637698,0.012743680037732297,0.03539997907846493,-0.01261411241076793,0.01595245112248378,0.026455813549838503,0.011082092976995472,0.029655127695683348,0.014824262110891606,0.027216205414050343,0.027968401953893718,0.011039513492989705,0.01718892457522969,0.022739140711482975,0.034423612842811924,0.007722117584956223,0.016314994861468257,0.013566494867255585,0.0163442167534682,0.008790133295895952,0.02046709941859426,-0.005023529739707655,0.0016952058640598011,0.00035601126016082674,-0.0029944382936903935,-0.011417774093033906,-0.0018771147194156512,0.0022354835375661963,0.0029856844236357816,0.0007050030081723335,-0.009885754341149688,-0.020156368529690383,-0.018109081438943964,0.00863313885215744,0.04924406441978091,0.030003110152031276,0.008663548267774601,-0.0002701884021285572,-0.0024332894616359013,-0.007450591338511892,-0.002871668326342114,-0.00614685370914847,-0.0003794433243653472,0.025945725211203197,0.01352389535931886,0.01118448147698281,-0.010527970133312081,0.0221214904828253,0.014939922777410075,0.013896093767829854,-0.004675335522916768,0.001730873932035415,0.018198525849852487,-0.08595893557669188
17,0.007638619875552699,0.012999135064744927,-0.00035117095151893096,0.00919283550043648,-0.015925946905514188,0.00797732409808738,0.011666246589356888,0.010107821952034968,-0.0003751811991419274,0.0005416035406957675,0.002018414019882897,-7.37221130266974e-05,0.0022548154016206468,-0.0025116091370627203,-0.01130804711547384,-0.0021881512549475346,0.010078658365030968,-0.01412238015520817,1.6424125398373235e-05,0.0016636888817753714,-0.0003719631492185016,0.005892493352856576,0.002168414527146112,0.014622877009718316,-0.009079445943600106,0.0030970425835583626,-0.0024103296994772982,-0.0002677589723676377,-0.02038744464020592,-0.0050362841798987645,0.007754322221141585,0.007336884304248059,0.0029529527120057963,0.0310306344137099,0.0018080773245063853,-0.040453969853908145,0.03130492943948893,0.007559589891350527,-0.0007082315425561703,0.0013550447502597152,-0.0435466870159642,0.008116463778632621,0.0022339757842799735,-0.005107160975494018,0.003798428428405387,0.00694457962776962,0.004379824660531995,-0.0010300095789856911,-0.005919653307880246,0.004605363375543625,0.0011377671528203237,0.0020846350120633517,0.005206847365756051,0.0015531313024785831,0.004892932646562542,0.002891230702000591,-0.0032409794252945545,0.00015465228246469565,0.00773027143951488,0.0014239406360827545,0.00022264076664768595,0.01201539896656989,0.0107306115719501,0.006512023395107924,0.00985812352794424,-0.0033517436026939684,0.008433259047484043,0.001461041688967768,0.005549526447679476,0.0013040201714389354,0.002087928951407747,0.005909332220488395,0.003153162925806363,-0.00019417953167066848,-0.003359489115306591,-0.0021164176792107803,0.01072853507000815,0.011959674299667267,-0.003559708936057504,0.009269236673287828,0.0005337725808658433,-0.00017083847283583253,0.0029411658625599912,-0.0065076608168808114,-0.010688219285437839,-0.0028804433590723377,-0.005111083000186145,-0.018735359458351475,-0.003992762783251003,-0.001007389496923139,0.0007459599794636951,0.0015330132929491924,0.008052207320948135,0.0028519876201595906,0.005260806860934331,-0.006995500723030901,0.002265029593428558,0.0018607048646428481,0.007281332971355248,-0.04103623008307977
18,-0.006188947741204487,-0.03292866372573755,0.000936152215190944,-0.0070823936369555085,-0.005656383199108994,-0.032371390622591534,-0.04157519124264919,-0.022050229532297294,-0.015672242670598635,-0.010724991862195665,-0.013550401909220078,-0.018538391978153435,-0.009352837956766002,-0.0031113305756242937,-0.024901555535228326,-0.02371827143540406,-0.017403076789817007,-0.020452488041389216,-0.019266894071677143,-0.016883639664413863,-0.0026075521056898587,0.010475969030108168,-0.021169735049594074,-0.04183710503796334,-0.0011661774618278997,-0.006505625812068594,-0.016093173528293647,-0.042664320366838204,-0.04163234846625663,-0.030919913409845456,-0.03839671642854636,-0.01824801993309677,-0.00846026559687374,-0.0005180124030763622,-0.023301693317709926,0.014699593257601506,0.0008251624639461497,0.011389940375492458,-0.003193196053472125,-0.03365063944161051,-0.04951418339292957,-0.0010563080626129207,-0.005754501212893448,-0.04215077963543212,-0.02043441007236968,-0.034132804949580375,-0.01857013265335805,-0.019617166125423857,-0.013878765285928019,-0.0015327007188030706,-0.021203808100075605,-0.025952588623147754,-0.010440947956278368,-0.019113870098991903,-0.016817453844304886,-0.01400839062032011,-0.017150440117106314,-0.014796637283803982,-0.014447891226528675,-0.007777226487011291,-0.0073719050608320735,-0.007903050207083595,-0.007830270025231734,-0.0069204460686247415,-0.021939258642393433,-0.013259056436403238,-0.011926615340161817,0.0007296902140661032,-0.00421974349461518,0.0005921172856142576,0.0053362761695332495,0.007410934136587777,0.0038580189403560894,0.0011646045069715338,-0.0033708133367076343,-0.0031830488371142884,0.013666308641142155,0.0077431527616638185,0.00710669480120929,-0.004267461658438165,-0.013971223153954604,-0.03212364610357099,0.000838769532907957,-0.011766355193609801,-0.024933261248236693,-0.008432877218390367,-0.009372400344004994,-0.023990088210022797,-0.0030528518664443283,-0.030378035359171385,-0.025171226030285876,-0.016214113968766597,-0.0016052627730536173,-0.027124428389345034,-0.018484798891488907,-0.027009054822606515,0.0006030350954286945,0.007672019678067521,-0.01723162065963102,0.1118662670996815
19,-0.006505230147570984,-0.0053719671367513655,0.0025701091790368835,-0.002895471861627641,-0.004022382979862016,-0.023127522796199784,0.00386694154315137,-0.013350722300785378,-0.004456442921809689,-0.010066932507136528,-0.004249996445044424,-0.007959397503356946,0.008150887181216149,0.002371479682848232,0.0,-0.011279162647167329,-0.0028568543881117847,-0.058432347079198976,-0.0016741168281271257,-0.009098140301024848,-0.007487824401255505,-0.01692618982409755,0.0025060107919658847,-0.032757264315088186,0.014354705826949754,0.011753287462600959,-0.00169923869017774,-0.004761302483344387,-0.007490324303747187,0.005978637558329503,-0.01401209642817225,-0.0058946215118567125,-0.0012752954801351635,-0.009893266189259009,0.004677721955842706,0.00792782420335536,-0.007728406748187755,0.0005003538948393782,-0.07525670105207594,-0.001576737409845208,-0.014843417691260186,0.005467926264457468,-0.0019255902479060616,0.018573055319651033,-0.005393604283103315,-0.007635403244973027,-0.008584886867271102,-0.005268716002111873,0.0030056528547333095,-0.011183389573270475,-0.006924393750855629,-0.008635567855595383,-0.0008749826846812248,-0.013055426267714498,-0.0010346454775977953,-0.0015983321164063646,-0.011864411863257374,-0.001570328112295627,0.0027535631306214725,-0.019143167154065388,0.0,-0.0016428688755816268,-0.007892067361973343,-0.0045035368703625345,0.0003037618687939947,-0.012111761803362597,-0.008534874480051968,0.002428585786243609,0.001448783900110051,0.00011841752470331812,0.003242083237724458,0.010472079548129898,0.0004365709934583961,-0.0017474621003892299,-0.0016896323604909114,-0.00818073290458865,-0.0011085672120501044,0.0036231887700939325,0.0035344492106634817,-0.005718380487042651,-0.018569630402509585,-0.009396377808916334,-0.007785393029521526,-0.007737054066144999,-0.014797943779934375,-0.008113502984872234,-0.012679487767341957,0.02126618628663124,-0.011531980208321801,-0.010181510392447635,-0.00025489666004085976,-0.0075006138964868185,-0.006152937017972704,-0.006202917165616384,-0.008303919353779499,-0.00783156947592456,-0.0018104277636190602,0.00184306781156085,-0.0016680498224763696,0.02111699585053861
20,0.010566753235831783,-0.0002179928907217743,0.003261491350922796,-0.0025403641779773167,-0.005447167913122719,-0.023444885451180397,-0.010569379639718157,-0.015878879558272274,0.004922162401400421,-0.013357987465423271,-0.012599580059177384,0.00045435485224842864,-0.009364139196777366,-0.0014815721749465993,0.0035055773324517148,0.027080071398890126,-0.020959705509845605,-0.0012485619769115885,-0.0022309555616706334,-0.008935682569988224,0.02192989342467344,-0.0202869059489732,-0.004234285784097125,-0.03478052348491456,-0.040984525492229196,-0.03150438360480212,-0.0030280086104572668,-0.01356718248531319,-0.01998891644432277,-0.0007846094833467987,-0.008196470341405693,-0.026114515046442577,-0.003124132424902726,-0.027587980249622834,-0.0017762859664660624,-0.012137393413891306,-0.003052607083018799,-0.01239673116347717,0.026839603383431943,-0.011550607173625771,-0.004641758238896898,-0.013160296016844875,-0.0045073930805359375,-0.01324668945300811,-0.011394025904727378,0.0016022049387194315,-0.006171029637563663,-0.015223589737151322,-0.003865990636925165,-0.011702142740467103,-0.010906163983114503,-0.014187487228669582,-0.005266258618237707,-0.025317829929457858,-0.008524843253025605,-0.022921281097298518,-0.020579484536767723,-0.008047414415406351,-0.011678100747940512,-0.027164425315912233,-0.005621150463285485,-0.0028817407780348248,0.005821276143098242,-0.02661285091709864,0.0159714891950693,-0.0055784201486224205,-0.014559265381639541,-0.0012945282073566489,-0.0022948551119430505,-0.0009475522533612946,-8.993513665878083e-05,0.0026009740887413813,-0.0013500561857586746,-0.003308951217589673,0.0032828287689274926,0.0028531172580443798,0.0024927349557537504,0.008552769912243186,0.016496246201017417,-0.005390834962126334,-0.02511987267877025,-0.009665386249110064,-0.007208005599013134,0.0029083752962741904,0.00441601248482737,0.005329827849801738,0.0008055910487336782,-0.0007796312856207521,-0.0022255147298029243,-0.009292607525452468,-0.005112504966226616,-0.0025127589905382663,-0.01629674738875142,-0.02960046977629105,-0.009707295038505315,-0.010288652844852031,-0.0010576369252381923,-0.007790312497372831,-0.014291991905214907,-0.0038453433389298297
21,0.008210206086056715,-0.02506944420476387,-0.015824024681186266,-0.009247991245701748,-0.03541863547586388,-0.018596490835314228,-0.019832205362722455,-0.036411138319174974,-0.007946815710507593,-0.019977454760359947,-0.018302015873478794,0.01689165923084257,-0.010985786571459322,0.007091230286691896,-0.014025711569336963,-0.03253963166257812,-0.0512371078022138,-0.039429017783904285,-0.04271299280260621,0.0002458402155109951,-0.026449706707528442,0.004543930504803839,-0.016596411257554067,0.02718364626010139,-0.018934015271336868,-0.04858997382256991,-0.010862416693845134,-0.02012142570516673,-0.018126503812114336,-0.01805845636655068,-0.014144930678996914,-0.039191586191584804,-0.012882999375577242,-0.013539334793146285,-0.02116124146234366,-0.011387912237857734,-0.01343051931829109,-0.012552243342557112,-0.026839603383431943,-0.016722971729835834,-0.024033693508486387,-0.0011990139174642422,-0.022186890964126516,-0.04682982955668269,-0.006268148949591712,-0.042916039776512704,-0.024562765848322066,-0.04846307525926363,-0.03170012371892117,0.004046178818324364,-0.018390320315612385,-0.01888983352069662,0.00029324891644577633,-0.014236304210187178,-0.001462745961235079,-0.007942008618446739,-0.010943383682206154,-0.010351198569532372,-0.005424244009082813,-0.010907025127531611,-0.010881983519360094,-0.013001494650046297,-0.006238386852816191,-0.015286866695687351,0.00179204227809171,-0.006950098473203603,-0.010112352168842875,-0.009108676554661521,-0.0018153577933643916,-0.0005926990397417953,-0.005229022378250292,-0.013877533996185853,-0.0015109535152237896,-0.0001950676346025304,-0.0030949607509875854,-0.015070272444059896,0.0044162324331087355,0.01865063321886362,0.0054388568325758335,-0.01159852411731066,-0.006806653531630236,-0.0242115773024274,-0.00790346798364805,-0.011544661169325732,-0.010725192363612912,-0.0055906057511583285,-0.002284206314347781,-0.012623199294207854,0.0031915903120656175,-0.02534666196403368,-0.01758060532911898,-0.0050445395521778735,0.010253488452310222,-0.03399033074083402,-0.018550725609742358,-0.01692910365670741,-0.017076230518240365,-0.008118772125633278,-0.012904946155588348,0.05577809043407855
22,-0.010204452762232918,0.009565832350171277,0.022430825994544712,-0.0006114711388907068,0.019344356642996274,0.042566113445206,-0.007574271120147635,0.044107922507929054,0.00845460260486508,-0.0037798777024091734,-0.0031804471011289692,-0.008860680695792489,-0.009247884408054574,-0.012293746458449384,0.030752259140062854,0.01965052364855069,0.012926131146702602,-0.009357677762984906,0.02763775879589403,-0.0062889676733748345,0.0022624243083311235,-0.005683124876877166,0.027402648166219734,0.07313612920532986,0.012976954370946814,0.03739302591290894,0.004397283622776804,0.017842278978180914,0.045076016840991606,0.02852161054455138,0.03910842178046714,0.016854836204537982,-0.028199694687179644,0.00814555787208171,-0.028238128554089137,-0.0020231580512697356,0.01481919439844459,-0.02729931773267502,-0.006149129467859282,-0.017649680081006203,0.04180637438914392,-0.02900905523590236,0.041679459214830406,0.029331586741311533,-0.008148466029616941,0.0300259415220836,0.006232016031438192,0.008967698927133227,-0.011393000328711267,-0.012715562203670316,0.015604457729733845,0.02588246213881007,-0.03460965648347525,-0.02293524862718188,-0.01199130170866658,-0.02280409484264334,-0.014724385374543125,-0.00577944464795177,-0.017083718985280605,-0.005244051169968067,-0.027500257246965365,-0.016847297044287224,-0.007537657001685183,-0.004718027530814517,-0.0250805723305767,-0.004840028588630307,-0.02000932705196412,0.004727385277347729,0.00712171914850579,0.0008297164827855141,0.002347438240926536,0.0006583404712765528,0.0007159898321633662,-0.00048755652928966775,-0.004896435991412984,-0.03270546332715307,-0.0063544773032586654,-0.01865063321886362,0.014684514117472958,0.005816077684612342,0.07349798977133615,0.028339795608991913,-0.004298325121765423,-0.027515597509289336,-0.016544947757320738,-0.019484499314343928,-0.04371827946467022,-0.009722641216552308,-0.02384317374837952,0.033589100966425534,-0.012070445082143166,0.004021885517624391,-0.007866441741908758,0.02259520454278796,0.012680777263278209,0.027662677205066544,0.007964573656214391,-0.017389410239288416,-0.0029451224972341095,-0.03187936907194677
23,0.028969761379695314,0.0198540877031661,0.03295380087738664,0.029588513875856037,0.029984623716716285,0.017091915352925646,0.04530186805146652,0.015930425542659776,0.03197478156958855,0.034069896664383315,0.028060263422628573,0.023859659735586014,0.028695455467426356,0.025019768058976766,0.02016833900470072,0.011563403600080235,0.03572317869731112,0.029231080350930583,0.024534922604503073,0.03261423670644792,0.030783070256974465,0.039558155343867085,0.008784410645876761,0.0004724331561849482,0.04202882480207659,0.029669760565051995,0.02784234325959245,0.013316457013139882,0.013777435741284982,0.017249697877586456,0.013817918231167958,0.021284353566687564,0.04717984615414039,0.013963719396068885,0.02338406918962832,0.04445177376726095,0.041853960583204675,0.041812613158163536,0.01871354068627884,0.03472733273854711,0.05483876038862956,0.03644607747739581,0.016633073706622703,0.022796471027342946,0.042640921700701995,0.025584509226991514,0.009024965338973345,0.0017838786664423623,0.0381314153452621,0.02655705792214036,0.021777165754099492,0.022270889954944195,0.038122621077446794,0.02593176004347386,0.021771864904641447,0.03074610346109008,0.030205844524529013,0.02291996923196482,0.012723039543095283,0.005244051169968067,0.03272931426849546,0.028336132659752877,0.01791334697602398,-0.004308510814294841,0.011560854602123971,0.027908869242713852,0.017940022427404223,0.004057458998104835,0.005637210978708396,0.0,-0.00027056396374192104,0.0007308204166056598,0.004166602179544121,-0.0006830904579628871,0.009955933482750368,0.029808960388266303,-0.0033315618004587932,0.004025957324692353,-0.017153098147022927,0.02470147154887803,0.027641951903190076,0.014580622289975587,0.030125277405521622,0.04278728726781944,0.04223189995214627,0.03500880319373589,0.03099306895200682,-0.018446350839287806,0.0284674918200567,0.013501866993393286,0.03169913145106662,0.030156151025170885,0.026032746979649524,0.01960171714333203,0.023578510978378375,0.016033237890289875,0.030498851614876976,0.031718987948949895,0.03584951643482359,-0.04160593570011839
24,-0.01190683084651667,-0.020328705828410953,0.013214366262728205,0.007689633370831395,-0.005051851554015663,-0.011262747113095273,-0.009891147026901415,-0.0014673787352190715,-0.022626552549609436,-0.02311339472713314,0.004275532963935902,-0.005294138988086061,-0.018680711879797585,-0.0018913933282078688,-0.013856047529146487,-0.007768288355154418,-0.028974237388493584,-0.014257441519787584,0.0010309013018092728,-0.010834268728990182,-0.0010962463932777666,0.03858001713513737,-0.005314638256366244,-0.005921381412729687,-0.003271888516617416,0.005172839942399143,-0.016838592672270725,-0.04313492303453392,0.0026096812463389796,-0.011363726031128785,0.0027579402231001637,-0.010585518661820004,-0.017972163890986437,-0.025933356971021837,-0.042591923144517985,0.007291478984924105,-0.006408509486040881,-0.014962276179213418,-0.00988602070539013,-0.010157793439367069,0.008884141994029982,-0.013654610011883506,0.01544193696806051,-0.014556024407721857,0.0002521912495305756,0.016647971595650013,-0.014470080262538154,-0.012329213632070513,-0.021200689103421766,0.00742358268372989,-0.0020265377456114564,0.0040412420552167205,-0.0215633672117006,-0.0338098465035408,-0.007274318484192577,-0.03695372505107031,-0.016302936847518268,-0.009645115812911165,-0.0023439580757864675,-0.01119794262099294,-0.007968135048747715,-0.003446615218314797,-0.007043744945879116,-0.02094315380109757,-0.0051554922886247745,0.0018331730236926802,-0.012157161954196916,0.010633253568505197,0.0007173309613142109,0.001775391309692509,0.011301601296128894,0.021681850333208352,-0.0031332180209941995,0.0026321704809508795,-0.006281315814723465,-0.014425521608275593,0.009686039103717459,0.009773565958266062,0.02826698619034218,-0.012453474425086597,0.06328380469608152,-0.002651376256816107,0.0064577118220459084,0.0016519155490484216,0.010906709792746216,0.0003850193071297525,-0.016622443281227195,0.006074543023179668,0.0074691410823790605,-0.0018156983595787324,-0.014944829152566452,-0.007588785187038205,0.024381023945501568,0.007013151596798828,0.0076374820958857725,-0.0011680806343452588,0.0051656593149465024,-0.013394565376066758,-0.011447765385510955,0.04473586059784296
25,-0.0005415408596221027,-0.014887767036841026,-0.004865678513798599,-0.027418684862094977,0.0009600752496696785,-0.0348012556527868,-0.07161958539017554,-0.01589108811417539,-0.018656563143632177,-0.053985215135183395,-0.08851720449541212,0.000405461396154827,-0.012184941075759959,-0.0005826790676284332,0.0006153385369787046,-0.02618659378453092,-0.017843530484475956,-0.026334504182856655,-0.011767659860536739,0.006394408777688376,-0.017334058382227457,0.021896385995013645,-0.008482032531213157,-0.01447652298888702,0.013570937228198687,0.0,-0.0024558635074347634,-0.12304955692842778,-0.036383407058862005,-0.021700943440403186,-0.005374284178924604,-0.015592503477471098,-0.043987461402243966,-0.0476414196413657,-0.03845941083063664,0.032583003718801073,0.0034763305988319004,-0.016688627011594015,-0.02789794648286925,-0.05409711858136568,-0.049634781115971194,-0.048540396779714,0.01611218232615297,-0.02033889402003819,0.0007982290151211657,-0.027039704045209945,-0.03364307954927348,0.011326189425146183,-0.04241558581610372,0.009518442540351835,-0.015620982157862784,-0.01901699130545431,-0.014436441906680919,-0.03677526036822654,-0.010906158336494887,-0.03749006055681248,-0.026988126612645047,-0.013757964447165705,-0.004704403279968794,-0.000341304741085402,-0.026402630967663487,-0.012786912078132318,-0.008770116231067604,-0.006635707394178514,0.0003040625070176439,-0.013698856059897846,-0.014431783375440155,0.001361237877147481,-0.006474853919868018,0.002008457139456077,0.008791051145983886,0.010171926406637333,0.00621719478499827,0.01017110471468663,-0.002919722953663495,-0.01007441882914728,0.018554427973059617,0.03986663293517845,0.058785591698981676,-0.009714070163478805,-0.009704047956660578,-0.020744661036335543,-0.020346821195230902,-0.02197271273743029,-0.011135251696401838,-0.008116996698715795,-0.025818751257206562,-0.0020207290035250125,-0.006988716117360738,-0.020193446294578976,-0.03756067032913979,-0.005555579002038513,0.010009233781742566,-0.015276937349842257,-0.015028754868714245,-0.012643518219674021,-0.008723408345165495,-0.005891854746376879,-0.023296348530826627,0.10548551070664258
26,0.012649060670903545,0.022170837449950298,0.011353098483174229,0.022515979731076108,0.023621835346583353,0.027171595543166838,0.038073342219087536,0.0060060506595664975,0.027378200776237982,0.029801886480213646,0.012557019813845827,0.004155010877877174,0.005879596810075327,0.0032004861118926087,0.012768372674992534,0.026854792472740474,0.026848425719731672,0.05471871936071615,-0.04075263956958608,0.018233225880679882,0.0307716651174732,0.011077055119531387,0.023476120025621938,0.037606419992270546,0.0214543511069909,-0.02094854045794481,0.007912663444100243,0.04928064982333469,0.02244989837729161,0.013170406021501435,0.004339566261346128,0.03793433034617966,0.03966027963458707,0.028298436000226967,0.02052806190659684,0.020876740295590057,0.04947641511514167,0.0031259923980346827,0.010553099697963919,0.033375200362073976,0.000938424175777719,0.029754663827559646,0.02736643002371464,0.059079729015006244,0.018989172931052067,0.04151683709326903,-0.0023476139503806337,0.013127082856441596,0.013505988974546135,0.017032354593884413,0.01807963336628493,0.023531662532504605,0.021577140484270174,0.00746401484665693,0.006516079403408703,0.017766613432953715,0.010916183810219415,0.0033770085938318317,0.012496245947340334,-0.007366205559354633,0.015832700766631902,0.0005593751574499706,0.03178804060627405,-0.007574109337615376,0.032299398621600695,0.023073940247737124,0.0035392137833554216,-0.015320421561109576,0.002403035864254832,-0.003310162712608644,-0.015143678997591614,-0.03478049209333278,0.020010810430328263,-0.0032822112729025132,0.0030137137069439213,0.0004643709630618442,-0.01032620741673096,-0.0072479562630598515,0.04950196785607597,0.013644774097091972,-0.0162205531956654,0.020036429493779373,0.013889109373184994,0.027186126740657457,0.007059152171562388,0.016041408480000463,0.009760349700828508,-0.02990815008408476,-0.0033681260141364966,0.02142580905871938,0.025546969465690683,0.014975489242749163,0.02260684672816815,0.020785106606818538,0.02111690793402321,0.00854456958353822,0.012103576898640611,0.01055384747997401,0.021736037879267478,-0.06626483423314333
27,0.005600363374899331,0.0019458505887168798,0.029588655391452612,0.010133238381363263,0.0028926031334783886,-0.019256097697391894,0.0017232470592807303,-0.027699654231316373,0.010004686508298555,-0.003669757266010265,-0.002332028666548247,0.0011735637727072756,0.0684168091066839,0.0037692439226004737,-0.012768372674992534,0.021368831839788882,0.0018945484394894407,0.009999406255885468,-0.016190152334154995,0.001180201655475166,0.01858525496921981,-0.00644665562055291,-0.006794828863386115,-0.03483855344199682,0.004274913629772392,-0.0498456197284165,0.016009288136954236,-0.008578303739673387,-0.02500859811441103,-0.020774998053229687,-0.0032967151569431863,-0.008763845743209764,0.0013000556525808449,-0.018586844380096945,-0.00713340576817334,0.10980675783009897,-0.008675740764473083,0.0036995488277371535,0.011212215587853347,0.0015531332536129483,-0.05069615777656722,-0.012238552439949757,-0.017762523740719516,-0.01559466420554223,0.0024897724798433885,0.007115129021084243,-0.006013825950753393,0.005213902640403667,0.007926715343888002,0.006313100588567266,-0.0048091475496487845,-0.011919552501631792,-0.02826401672466039,-0.031657289457640125,-0.014136708946193899,-0.027511206076916483,-0.030009889501796394,-0.004989168989941284,-0.01218192160045728,-0.026658931614665704,-0.018652888973241133,0.006826886554916811,-0.009389799573824131,0.0013407277671761975,0.0172141423335459,-0.0036355065623046023,-0.01208474454037578,0.0036497623946658564,-0.003004629320082053,0.0,0.004299117422918108,0.0101338626899663,-0.009759947412999459,0.0,-0.004713006368503914,-0.01176817553899201,0.005719723712754199,-0.00342906125534137,0.0017233527795146308,0.005689910181508218,-0.030694264234224722,-0.013731833667824489,-0.005868781981275717,-0.00507584249481452,-0.006602207717048891,-0.002804708797470745,-0.022924083882312596,0.04003804715471859,-0.014271406337400983,-0.011999598671322609,-0.0031579696397896484,0.005094085611301757,0.0027390400085556266,-0.022904842586173757,0.0010939348713385755,-0.010469742452475117,0.017452405022860162,0.008073640677530136,0.001200462029363969,0.005991690655159587
28,0.0009967366069307815,-0.015131967033934934,0.024697786383349296,-0.007117925839281725,-0.0035744563074810998,-0.03822917802455095,-0.03116237365557506,-0.015381504775460186,0.017290987078844466,-0.022246111716063943,-0.03934303184381971,0.009411724688312084,0.008321342067474369,0.003610894337151116,0.00776200103454272,-0.019366825771478524,-0.016073418844194443,-0.01974736697609547,-0.021390542849750283,0.014868906596474218,0.026211530518204018,0.02893760167922821,0.0014260289033440898,-0.05445448631800254,0.022480408743968283,0.027047823341411537,0.013937476886166866,-0.043697860134509714,-0.014440881530075167,-0.036933297211767524,-0.016409921178864195,-0.010064247779769886,-0.02632879084106765,-0.018938868508055595,-0.02853249825139237,0.06737026554376868,-0.005138777046917564,0.0050403905050302455,0.016775098888576423,-0.028802292793164597,-0.014211346511894263,-0.02344725913959156,0.015706317718423346,-0.04471419069162863,0.024482562755991033,-0.037608103797290404,-0.034062984139985986,0.027108979110128217,-0.014084802132318774,0.03694473905727058,-0.008581554594847773,-0.015781408105964623,-0.04299731008487262,-0.05522534487387398,-0.024304907498851502,-0.05395184371312789,-0.04686430748400294,-0.012991401263015234,-0.01855573283278744,-0.02069654291332146,-0.023575366392698083,-0.02859146743008889,0.015870172351738265,-0.013489379011074831,-0.008132451931397888,0.0025981383649518186,-0.0200458289821146,0.000971053228175478,-0.006520985631209619,0.0010651988512115906,0.009871578347635968,0.017116597897882002,0.000273514188643631,0.0018354884487308265,-0.007492047021314008,-0.016673334108165516,0.015629577702770625,0.014916043513164112,0.04338438587383342,0.0010632210512357965,-0.007694299022116713,-0.021599871272816262,0.00021023932962505043,-0.016361989015792222,-0.024275825269051143,-0.0037732038317299654,-0.04176462359669286,4.518704728619806,-0.021047141186878893,-0.017672619229195163,-0.018891052721412116,0.004992851357878081,0.02844816748584389,-0.01601322770467295,-0.002189067746837914,-0.014483287776328346,0.021819029985036487,0.00013184124462739533,-0.003485382080595123,0.042493242410272636
